"Longitude (x)","Latitude (y)","Station Name","Climate ID","Date/Time","Year","Month","Day","Data Quality","Max Temp (°C)","Max Temp Flag","Min Temp (°C)","Min Temp Flag","Mean Temp (°C)","Mean Temp Flag","Heat Deg Days (°C)","Heat Deg Days Flag","Cool Deg Days (°C)","Cool Deg Days Flag","Total Rain (mm)","Total Rain Flag","Total Snow (cm)","Total Snow Flag","Total Precip (mm)","Total Precip Flag","Snow on Grnd (cm)","Snow on Grnd Flag","Dir of Max Gust (10s deg)","Dir of Max Gust Flag","Spd of Max Gust (km/h)","Spd of Max Gust Flag"
"-79.63","43.68","TORONTO INTL A","6158731","2022-01-01","2022","01","01","","4.5","","-3.2","","0.7","","17.3","","0.0","","0.2","","2.8","","2.4","","3","E","35","","46",""
"-79.63","43.68","TORONTO INTL A","6158731","2022-01-02","2022","01","02","","-2.9","","-12.3","","-7.6","","25.6","","0.0","","0.0","","2.6","","1.4","","3","","36","","52",""
"-79.63","43.68","TORONTO INTL A","6158731","2022-01-03","2022","01","03","","-6.6","","-15.1","","-10.9","","28.9","","0.0","","0.0","","0.0","","0.0","","5","","","M","","M"
"-79.63","43.68","TORONTO INTL A","6158731","2022-01-04","2022","01","04","","2.5","","-7.8","","-2.7","","20.7","","0.0","","0.0","","0.0","","0.0","","","","24","","33",""
"-79.63","43.68","TORONTO INTL A","6158731","2022-01-05","2022","01","05","","4.1","","-5.8","","-0.9","","18.9","","0.0","","0.8","","0.0","T","0.8","","1","","23","","68",""
"-79.63","43.68","TORONTO INTL A","6158731","2022-01-06","2022","01","06","","","M","","M","","M","","M","","M","0.0","","0.0","T","0.0","T","0","T","24","","48",""
"-79.63","43.68","TORONTO INTL A","6158731","2022-01-07","2022","01","07","","","M","","M","","M","","M","","M","0.0","","0.0","T","0.0","T","0","T","31","","52",""
"-79.63","43.68","TORONTO INTL A","6158731","2022-01-08","2022","01","08","","0.6","","-15.0","","-7.2","","25.2","","0.0","","0.0","","0.0","T","0.0","T","0","T","17","","39",""
"-79.63","43.68","TORONTO INTL A","6158731","2022-01-09","2022","01","09","","3.6","","-7.9","","-2.2","","20.2","","0.0","","0.0","","0.0","T","0.0","T","0","T","27","","64",""
"-79.63","43.68","TORONTO INTL A","6158731","2022-01-10","2022","01","10","","-7.1","","-18.5","","-12.8","","30.8","","0.0","","0.0","","0.2","","0.2","","0","T","28","","62",""
"-79.63","43.68","TORONTO INTL A","6158731","2022-01-11","2022","01","11","","-3.9","","-21.1","","-12.5","","30.5","","0.0","","0.0","","0.2","","0.2","","0","T","20","","42",""
"-79.63","43.68","TORONTO INTL A","6158731","2022-01-12","2022","01","12","","1.8","","-3.8","","-1.0","","19.0","","0.0","","0.0","","0.0","T","0.0","T","0","T","24","","45",""
"-79.63","43.68","TORONTO INTL A","6158731","2022-01-13","2022","01","13","","0.9","","-3.6","","-1.4","","19.4","","0.0","","0.0","","0.0","T","0.0","T","0","T","","M","","M"
"-79.63","43.68","TORONTO INTL A","6158731","2022-01-14","2022","01","14","","-1.6","","-19.1","","-10.4","","28.4","","0.0","","0.0","","0.0","","0.0","","","","1","","43",""
"-79.63","43.68","TORONTO INTL A","6158731","2022-01-15","2022","01","15","","-13.1","","-21.1","","-17.1","","35.1","","0.0","","0.0","","0.0","T","0.0","T","0","T","1","","37",""
"-79.63","43.68","TORONTO INTL A","6158731","2022-01-16","2022","01","16","","-1.4","","-15.5","","-8.5","","26.5","","0.0","","0.0","","5.2","","3.6","","0","T","14","","36",""
"-79.63","43.68","TORONTO INTL A","6158731","2022-01-17","2022","01","17","","-2.8","","-6.0","","-4.4","","22.4","","0.0","","0.0","","29.2","","28.8","","15","","","","","M"
"-79.63","43.68","TORONTO INTL A","6158731","2022-01-18","2022","01","18","","-1.0","","-11.5","","-6.3","","24.3","","0.0","","0.0","","1.2","","1.2","","32","","28","","43",""
"-79.63","43.68","TORONTO INTL A","6158731","2022-01-19","2022","01","19","","3.8","","-8.9","","-2.6","","20.6","","0.0","","0.0","","0.0","T","0.0","T","30","","25","","64",""
"-79.63","43.68","TORONTO INTL A","6158731","2022-01-20","2022","01","20","","-8.8","","-18.7","","-13.8","","31.8","","0.0","","0.0","","0.0","T","0.0","T","25","","31","","40",""
"-79.63","43.68","TORONTO INTL A","6158731","2022-01-21","2022","01","21","","-9.8","","-20.0","","-14.9","","32.9","","0.0","","0.0","","0.0","T","0.0","T","23","","","M","","M"
"-79.63","43.68","TORONTO INTL A","6158731","2022-01-22","2022","01","22","","-4.6","","-18.8","","-11.7","","29.7","","0.0","","0.0","","0.4","","0.4","","21","","22","","44",""
"-79.63","43.68","TORONTO INTL A","6158731","2022-01-23","2022","01","23","","-5.2","","-17.8","","-11.5","","29.5","","0.0","","0.0","","0.0","T","0.0","T","20","","34","","39",""
"-79.63","43.68","TORONTO INTL A","6158731","2022-01-24","2022","01","24","","-5.5","","-17.7","","-11.6","","29.6","","0.0","","0.0","","5.6","","3.6","","18","","15","","37",""
"-79.63","43.68","TORONTO INTL A","6158731","2022-01-25","2022","01","25","","-7.3","","-15.4","","-11.4","","29.4","","0.0","","0.0","","0.0","","0.0","","21","","31","","40",""
"-79.63","43.68","TORONTO INTL A","6158731","2022-01-26","2022","01","26","","","M","","M","","M","","M","","M","0.0","","0.0","T","0.0","T","20","","","M","","M"
"-79.63","43.68","TORONTO INTL A","6158731","2022-01-27","2022","01","27","","-3.9","","-13.9","","-8.9","","26.9","","0.0","","0.0","","0.4","","0.4","","20","","21","","41",""
"-79.63","43.68","TORONTO INTL A","6158731","2022-01-28","2022","01","28","","-4.3","","-18.0","","-11.2","","29.2","","0.0","","0.0","","0.0","","0.0","","20","","36","","50",""
"-79.63","43.68","TORONTO INTL A","6158731","2022-01-29","2022","01","29","","-11.5","","-21.2","","-16.4","","34.4","","0.0","","0.0","","0.0","","0.0","","20","","","M","","M"
"-79.63","43.68","TORONTO INTL A","6158731","2022-01-30","2022","01","30","","-4.9","","-14.8","","-9.9","","27.9","","0.0","","0.0","","0.0","","0.0","","19","","23","","31",""
"-79.63","43.68","TORONTO INTL A","6158731","2022-01-31","2022","01","31","","-0.9","","-7.0","","-4.0","","22.0","","0.0","","0.0","","0.0","","0.0","","18","","","M","","M"
"-79.63","43.68","TORONTO INTL A","6158731","2022-02-01","2022","02","01","","4.7","","-9.1","","-2.2","","20.2","","0.0","","0.0","T","0.0","","0.0","T","8","E","20","","42",""
"-79.63","43.68","TORONTO INTL A","6158731","2022-02-02","2022","02","02","","4.6","","-3.0","","0.8","","17.2","","0.0","","5.4","","8.0","","11.4","","8","","35","","47",""
"-79.63","43.68","TORONTO INTL A","6158731","2022-02-03","2022","02","03","","-3.0","","-10.5","","-6.8","","24.8","","0.0","","0.0","","7.2","","4.2","","15","","35","","44",""
"-79.63","43.68","TORONTO INTL A","6158731","2022-02-04","2022","02","04","","-10.5","","-14.0","","-12.3","","30.3","","0.0","","0.0","","0.4","","0.4","","21","","1","","37",""
"-79.63","43.68","TORONTO INTL A","6158731","2022-02-05","2022","02","05","","-7.2","","-15.4","","-11.3","","29.3","","0.0","","0.0","","0.0","T","0.0","T","19","","","M","","M"
"-79.63","43.68","TORONTO INTL A","6158731","2022-02-06","2022","02","06","","-0.2","","-7.2","","-3.7","","21.7","","0.0","","0.0","","0.0","","0.0","","17","","20","","46",""
"-79.63","43.68","TORONTO INTL A","6158731","2022-02-07","2022","02","07","","","M","","M","","M","","M","","M","","M","","M","","M","16","","26","","36",""
"-79.63","43.68","TORONTO INTL A","6158731","2022-02-08","2022","02","08","","-0.4","","-5.5","","-3.0","","21.0","","0.0","","0.0","","0.0","T","0.0","T","15","","25","","42",""
"-79.63","43.68","TORONTO INTL A","6158731","2022-02-09","2022","02","09","","6.0","","-5.5","","0.3","","17.7","","0.0","","0.0","","0.0","","0.0","","14","","22","","46",""
"-79.63","43.68","TORONTO INTL A","6158731","2022-02-10","2022","02","10","","2.8","","-0.8","","1.0","","17.0","","0.0","","0.0","","0.0","T","0.0","T","11","","27","","48",""
"-79.63","43.68","TORONTO INTL A","6158731","2022-02-11","2022","02","11","","3.5","","-1.4","","1.1","","16.9","","0.0","","4.8","","0.2","","5.0","","10","","21","","48",""
"-79.63","43.68","TORONTO INTL A","6158731","2022-02-12","2022","02","12","","2.5","","-13.5","","-5.5","","23.5","","0.0","","0.8","","1.0","","1.8","","8","","28","","60",""
"-79.63","43.68","TORONTO INTL A","6158731","2022-02-13","2022","02","13","","-9.2","","-16.6","","-12.9","","30.9","","0.0","","0.0","","0.2","","0.2","","5","","","M","","M"
"-79.63","43.68","TORONTO INTL A","6158731","2022-02-14","2022","02","14","","-9.6","","-16.5","","-13.1","","31.1","","0.0","","0.0","","0.0","","0.0","","5","","29","","35",""
"-79.63","43.68","TORONTO INTL A","6158731","2022-02-15","2022","02","15","","-3.3","","-11.3","","-7.3","","25.3","","0.0","","0.0","","0.0","T","0.0","T","5","","24","","40",""
"-79.63","43.68","TORONTO INTL A","6158731","2022-02-16","2022","02","16","","10.7","","-3.8","","3.5","","14.5","","0.0","","0.2","","0.0","","0.2","","5","","21","","71",""
"-79.63","43.68","TORONTO INTL A","6158731","2022-02-17","2022","02","17","","7.2","","-5.2","","1.0","","17.0","","0.0","","26.2","","13.4","","36.2","","0","T","34","","58",""
"-79.63","43.68","TORONTO INTL A","6158731","2022-02-18","2022","02","18","","-4.8","","-10.5","","-7.7","","25.7","","0.0","","0.0","","5.4","","5.0","","16","","21","","56",""
"-79.63","43.68","TORONTO INTL A","6158731","2022-02-19","2022","02","19","","-2.0","","-11.3","","-6.7","","24.7","","0.0","","0.0","","4.6","","4.2","","19","","31","","83",""
"-79.63","43.68","TORONTO INTL A","6158731","2022-02-20","2022","02","20","","6.9","","-9.5","","-1.3","","19.3","","0.0","","0.0","","0.0","","0.0","","16","","24","","65",""
"-79.63","43.68","TORONTO INTL A","6158731","2022-02-21","2022","02","21","","6.2","","-0.6","","2.8","","15.2","","0.0","","0.0","","0.0","","0.0","","6","","10","","37",""
"-79.63","43.68","TORONTO INTL A","6158731","2022-02-22","2022","02","22","","9.2","","-0.8","","4.2","","13.8","","0.0","","9.4","","0.0","","9.4","","5","","26","","67",""
"-79.63","43.68","TORONTO INTL A","6158731","2022-02-23","2022","02","23","","","M","","M","","M","","M","","M","0.0","","0.0","T","0.0","T","0","T","29","","68",""
"-79.63","43.68","TORONTO INTL A","6158731","2022-02-24","2022","02","24","","-5.2","","-11.6","","-8.4","","26.4","","0.0","","0.0","","0.0","T","0.0","T","0","T","6","","38",""
"-79.63","43.68","TORONTO INTL A","6158731","2022-02-25","2022","02","25","","-5.5","","-12.9","","-9.2","","27.2","","0.0","","0.0","","6.6","","4.2","","3","","1","","51",""
"-79.63","43.68","TORONTO INTL A","6158731","2022-02-26","2022","02","26","","-2.2","","-13.4","","-7.8","","25.8","","0.0","","0.0","","0.0","T","0.0","T","6","","25","","52",""
"-79.63","43.68","TORONTO INTL A","6158731","2022-02-27","2022","02","27","","0.4","","-7.9","","-3.8","","21.8","","0.0","","0.0","","1.0","","0.4","","6","","31","","62",""
"-79.63","43.68","TORONTO INTL A","6158731","2022-02-28","2022","02","28","","-3.8","","-13.7","","-8.8","","26.8","","0.0","","0.0","","0.0","T","0.0","T","6","","11","","34",""
"-79.63","43.68","TORONTO INTL A","6158731","2022-03-01","2022","03","01","","5.2","","-3.8","","0.7","","17.3","","0.0","","0.0","","0.0","T","0.0","T","3","","30","","43",""
"-79.63","43.68","TORONTO INTL A","6158731","2022-03-02","2022","03","02","","3.0","","-5.0","","-1.0","","19.0","","0.0","","0.0","","1.2","","0.8","","0","T","31","","67",""
"-79.63","43.68","TORONTO INTL A","6158731","2022-03-03","2022","03","03","","-4.6","","-10.4","","-7.5","","25.5","","0.0","","0.0","","0.0","","0.0","","1","","33","","67",""
"-79.63","43.68","TORONTO INTL A","6158731","2022-03-04","2022","03","04","","1.3","","-10.9","","-4.8","","22.8","","0.0","","0.0","","0.0","","0.0","","0","T","27","","46",""
"-79.63","43.68","TORONTO INTL A","6158731","2022-03-05","2022","03","05","","3.2","","-3.7","","-0.3","","18.3","","0.0","","0.0","","0.0","","0.0","","0","T","10","","39",""
"-79.63","43.68","TORONTO INTL A","6158731","2022-03-06","2022","03","06","","16.0","","-0.2","","7.9","","10.1","","0.0","","2.2","","0.0","","2.2","","0","T","24","","87",""
"-79.63","43.68","TORONTO INTL A","6158731","2022-03-07","2022","03","07","","2.7","","-1.8","","0.5","","17.5","","0.0","","3.0","","2.6","","5.6","","0","T","30","","58",""
"-79.63","43.68","TORONTO INTL A","6158731","2022-03-08","2022","03","08","","2.6","","-4.1","","-0.8","","18.8","","0.0","","0.0","","0.4","","0.4","","1","","30","","39",""
"-79.63","43.68","TORONTO INTL A","6158731","2022-03-09","2022","03","09","","5.2","","-2.7","","1.3","","16.7","","0.0","","0.0","","0.0","","0.0","","","","26","","34",""
"-79.63","43.68","TORONTO INTL A","6158731","2022-03-10","2022","03","10","","4.2","","-3.4","","0.4","","17.6","","0.0","","0.0","","0.0","T","0.0","T","0","T","","M","","M"
"-79.63","43.68","TORONTO INTL A","6158731","2022-03-11","2022","03","11","","-0.7","","-3.5","","-2.1","","20.1","","0.0","","0.0","","5.8","","4.8","","2","","29","","37",""
"-79.63","43.68","TORONTO INTL A","6158731","2022-03-12","2022","03","12","","-3.3","","-9.1","","-6.2","","24.2","","0.0","","0.0","","0.2","","0.2","","5","","29","","69",""
"-79.63","43.68","TORONTO INTL A","6158731","2022-03-13","2022","03","13","","-0.3","","-10.4","","-5.4","","23.4","","0.0","","0.0","","1.4","","0.8","","5","","21","","48",""
"-79.63","43.68","TORONTO INTL A","6158731","2022-03-14","2022","03","14","","6.5","","-4.7","","0.9","","17.1","","0.0","","0.0","T","0.0","","0.0","T","2","","34","","33",""
"-79.63","43.68","TORONTO INTL A","6158731","2022-03-15","2022","03","15","","1.5","","0.2","","0.9","","17.1","","0.0","","0.2","","10.0","","10.6","","0","T","","M","","M"
"-79.63","43.68","TORONTO INTL A","6158731","2022-03-16","2022","03","16","","2.5","","-1.2","","0.7","","17.3","","0.0","","0.0","","0.0","","0.0","","5","","","M","","M"
"-79.63","43.68","TORONTO INTL A","6158731","2022-03-17","2022","03","17","","17.3","","-0.4","","8.5","","9.5","","0.0","","0.0","","0.0","","0.0","","0","T","","M","","M"
"-79.63","43.68","TORONTO INTL A","6158731","2022-03-18","2022","03","18","","14.3","","5.6","","10.0","","8.0","","0.0","","0.0","T","0.0","","0.0","T","","","","M","","M"
"-79.63","43.68","TORONTO INTL A","6158731","2022-03-19","2022","03","19","","8.8","","3.8","","6.3","","11.7","","0.0","","5.6","","0.0","","5.6","","","","27","","54",""
"-79.63","43.68","TORONTO INTL A","6158731","2022-03-20","2022","03","20","","11.9","","0.8","","6.4","","11.6","","0.0","","0.6","","0.0","","0.6","","","","30","","55",""
"-79.63","43.68","TORONTO INTL A","6158731","2022-03-21","2022","03","21","","13.1","","-0.7","","6.2","","11.8","","0.0","","0.0","","0.0","","0.0","","","","30","","55",""
"-79.63","43.68","TORONTO INTL A","6158731","2022-03-22","2022","03","22","","5.8","","-2.9","","1.5","","16.5","","0.0","","0.0","","0.0","","0.0","","","","","M","","M"
"-79.63","43.68","TORONTO INTL A","6158731","2022-03-23","2022","03","23","","4.0","","0.8","","2.4","","15.6","","0.0","","19.6","","0.8","","20.4","","","","9","","66",""
"-79.63","43.68","TORONTO INTL A","6158731","2022-03-24","2022","03","24","","11.4","","3.4","","7.4","","10.6","","0.0","","0.0","T","0.0","","0.0","T","","","23","","51",""
"-79.63","43.68","TORONTO INTL A","6158731","2022-03-25","2022","03","25","","5.9","","2.1","","4.0","","14.0","","0.0","","0.0","T","0.0","","0.0","T","","","26","","46",""
"-79.63","43.68","TORONTO INTL A","6158731","2022-03-26","2022","03","26","","7.0","","-1.7","","2.7","","15.3","","0.0","","2.0","","0.0","","2.0","","","","30","","62",""
"-79.63","43.68","TORONTO INTL A","6158731","2022-03-27","2022","03","27","","-1.7","","-8.7","","-5.2","","23.2","","0.0","","0.0","","1.6","","1.2","","1","","31","","66",""
"-79.63","43.68","TORONTO INTL A","6158731","2022-03-28","2022","03","28","","-4.8","","-11.4","","-8.1","","26.1","","0.0","","0.0","","0.2","","0.2","","1","","31","","57",""
"-79.63","43.68","TORONTO INTL A","6158731","2022-03-29","2022","03","29","","2.4","","-9.1","","-3.4","","21.4","","0.0","","0.0","","0.0","","0.0","","0","T","33","","34",""
"-79.63","43.68","TORONTO INTL A","6158731","2022-03-30","2022","03","30","","3.6","","-3.7","","-0.1","","18.1","","0.0","","2.0","","0.6","","2.6","","0","T","9","","44",""
"-79.63","43.68","TORONTO INTL A","6158731","2022-03-31","2022","03","31","","18.2","","2.4","","10.3","","7.7","","0.0","","1.0","","0.0","","1.0","","","","23","","85",""
"-79.63","43.68","TORONTO INTL A","6158731","2022-04-01","2022","04","01","","3.3","","-1.7","","0.8","","17.2","","0.0","","0.2","","1.0","","1.0","","1","","31","","60",""
"-79.63","43.68","TORONTO INTL A","6158731","2022-04-02","2022","04","02","","5.7","","-3.8","","1.0","","17.0","","0.0","","0.0","","0.0","","0.0","","","","","M","","M"
"-79.63","43.68","TORONTO INTL A","6158731","2022-04-03","2022","04","03","","6.6","","-1.0","","2.8","","15.2","","0.0","","0.2","","0.8","","1.0","","0","T","33","","42",""
"-79.63","43.68","TORONTO INTL A","6158731","2022-04-04","2022","04","04","","8.6","","-2.3","","3.2","","14.8","","0.0","","0.0","","0.0","","0.0","","","","","M","","M"
"-79.63","43.68","TORONTO INTL A","6158731","2022-04-05","2022","04","05","","13.0","","3.6","","8.3","","9.7","","0.0","","1.0","","0.0","","1.0","","","","9","","36",""
"-79.63","43.68","TORONTO INTL A","6158731","2022-04-06","2022","04","06","","12.1","","7.2","","9.7","","8.3","","0.0","","6.6","","0.0","","6.6","","","","11","","45",""
"-79.63","43.68","TORONTO INTL A","6158731","2022-04-07","2022","04","07","","13.8","","5.0","","9.4","","8.6","","0.0","","1.6","","0.0","","1.6","","","","14","","39",""
"-79.63","43.68","TORONTO INTL A","6158731","2022-04-08","2022","04","08","","9.7","","2.5","","6.1","","11.9","","0.0","","1.8","","0.0","T","1.8","","","","25","","50",""
"-79.63","43.68","TORONTO INTL A","6158731","2022-04-09","2022","04","09","","7.8","","1.1","","4.5","","13.5","","0.0","","0.6","","0.0","T","0.6","","","","29","","45",""
"-79.63","43.68","TORONTO INTL A","6158731","2022-04-10","2022","04","10","","9.4","","0.6","","5.0","","13.0","","0.0","","0.0","","0.0","T","0.0","T","","","32","","43",""
"-79.63","43.68","TORONTO INTL A","6158731","2022-04-11","2022","04","11","","12.5","","1.5","","7.0","","11.0","","0.0","","0.0","T","0.0","","0.0","T","","","12","","33",""
"-79.63","43.68","TORONTO INTL A","6158731","2022-04-12","2022","04","12","","15.8","","5.1","","10.5","","7.5","","0.0","","0.0","T","0.0","","0.0","T","","","35","","40",""
"-79.63","43.68","TORONTO INTL A","6158731","2022-04-13","2022","04","13","","16.0","","9.6","","12.8","","5.2","","0.0","","3.2","","0.0","","3.2","","","","18","","32",""
"-79.63","43.68","TORONTO INTL A","6158731","2022-04-14","2022","04","14","","14.2","","5.3","","9.8","","8.2","","0.0","","0.6","","0.0","","0.6","","","","29","","63",""
"-79.63","43.68","TORONTO INTL A","6158731","2022-04-15","2022","04","15","","14.8","","2.1","","8.5","","9.5","","0.0","","0.8","","0.0","","0.8","","","","24","","86",""
"-79.63","43.68","TORONTO INTL A","6158731","2022-04-16","2022","04","16","","","M","","M","","M","","M","","M","","M","","","","M","","","","","",""
"-79.63","43.68","TORONTO INTL A","6158731","2022-04-17","2022","04","17","","8.2","","-1.5","","3.4","","14.6","","0.0","","0.0","","0.0","T","0.0","T","","","32","","43",""
"-79.63","43.68","TORONTO INTL A","6158731","2022-04-18","2022","04","18","","7.1","","-1.6","","2.8","","15.2","","0.0","","3.6","","6.8","","11.4","","6","E","14","","60",""
"-79.63","43.68","TORONTO INTL A","6158731","2022-04-19","2022","04","19","","6.2","","1.1","","3.7","","14.3","","0.0","","0.6","","0.0","","0.6","","2","","29","","69",""
"-79.63","43.68","TORONTO INTL A","6158731","2022-04-20","2022","04","20","","10.4","","1.7","","6.1","","11.9","","0.0","","0.0","","0.0","","0.0","","","","29","","40",""
"-79.63","43.68","TORONTO INTL A","6158731","2022-04-21","2022","04","21","","15.7","","5.1","","10.4","","7.6","","0.0","","6.2","","0.0","","6.2","","","","26","","54",""
"-79.63","43.68","TORONTO INTL A","6158731","2022-04-22","2022","04","22","","12.4","","1.0","","6.7","","11.3","","0.0","","0.0","","0.0","","0.0","","","","35","","36",""
"-79.63","43.68","TORONTO INTL A","6158731","2022-04-23","2022","04","23","","11.3","","6.7","","9.0","","9.0","","0.0","","0.8","","0.0","","0.8","","","","8","","48",""
"-79.63","43.68","TORONTO INTL A","6158731","2022-04-24","2022","04","24","","16.8","","7.3","","12.1","","5.9","","0.0","","0.0","","0.0","","0.0","","","","8","","31",""
"-79.63","43.68","TORONTO INTL A","6158731","2022-04-25","2022","04","25","","19.0","","9.1","","14.1","","3.9","","0.0","","10.0","","0.0","","10.0","","","","32","","40",""
"-79.63","43.68","TORONTO INTL A","6158731","2022-04-26","2022","04","26","","10.4","","1.9","","6.2","","11.8","","0.0","","2.8","","0.0","T","2.8","","","","33","","46",""
"-79.63","43.68","TORONTO INTL A","6158731","2022-04-27","2022","04","27","","4.2","","-1.9","","1.2","","16.8","","0.0","","0.0","","0.0","T","0.0","T","","","30","","45",""
"-79.63","43.68","TORONTO INTL A","6158731","2022-04-28","2022","04","28","","10.8","","-2.2","","4.3","","13.7","","0.0","","0.0","","0.0","","0.0","","","","33","","47",""
"-79.63","43.68","TORONTO INTL A","6158731","2022-04-29","2022","04","29","","15.0","","-0.2","","7.4","","10.6","","0.0","","0.0","","0.0","","0.0","","","","35","","36",""
"-79.63","43.68","TORONTO INTL A","6158731","2022-04-30","2022","04","30","","13.0","","1.5","","7.3","","10.7","","0.0","","0.0","","0.0","","0.0","","","","","M","","M"
"-79.63","43.68","TORONTO INTL A","6158731","2022-05-01","2022","05","01","","11.4","","6.3","","8.9","","9.1","","0.0","","2.0","","0.0","","2.0","","","","10","","46",""
"-79.63","43.68","TORONTO INTL A","6158731","2022-05-02","2022","05","02","","13.4","","7.9","","10.7","","7.3","","0.0","","0.2","","0.0","","0.2","","","","","M","","M"
"-79.63","43.68","TORONTO INTL A","6158731","2022-05-03","2022","05","03","","","M","","M","","M","","M","","M","13.0","","0.0","","13.0","","","","5","","32",""
"-79.63","43.68","TORONTO INTL A","6158731","2022-05-04","2022","05","04","","15.7","","7.3","","11.5","","6.5","","0.0","","8.6","","0.0","","8.6","","","","1","","42",""
"-79.63","43.68","TORONTO INTL A","6158731","2022-05-05","2022","05","05","","14.8","","4.5","","9.7","","8.3","","0.0","","0.0","","0.0","","0.0","","","","","M","","M"
"-79.63","43.68","TORONTO INTL A","6158731","2022-05-06","2022","05","06","","16.4","","8.6","","12.5","","5.5","","0.0","","0.0","","0.0","","0.0","","","","7","","46",""
"-79.63","43.68","TORONTO INTL A","6158731","2022-05-07","2022","05","07","","13.9","","6.6","","10.3","","7.7","","0.0","","0.0","","0.0","","0.0","","","","6","","40",""
"-79.63","43.68","TORONTO INTL A","6158731","2022-05-08","2022","05","08","","15.9","","5.5","","10.7","","7.3","","0.0","","0.0","","0.0","","0.0","","","","10","","48",""
"-79.63","43.68","TORONTO INTL A","6158731","2022-05-09","2022","05","09","","19.7","","3.7","","11.7","","6.3","","0.0","","0.0","","0.0","","0.0","","","","10","","31",""
"-79.63","43.68","TORONTO INTL A","6158731","2022-05-10","2022","05","10","","22.3","","8.2","","15.3","","2.7","","0.0","","0.0","","0.0","","0.0","","","","","M","","M"
"-79.63","43.68","TORONTO INTL A","6158731","2022-05-11","2022","05","11","","24.5","","8.9","","16.7","","1.3","","0.0","","0.0","","0.0","","0.0","","","","","M","","M"
"-79.63","43.68","TORONTO INTL A","6158731","2022-05-12","2022","05","12","","26.4","","10.5","","18.5","","0.0","","0.5","","0.0","","0.0","","0.0","","","","","M","","M"
"-79.63","43.68","TORONTO INTL A","6158731","2022-05-13","2022","05","13","","26.8","","12.8","","19.8","","0.0","","1.8","","0.0","","0.0","","0.0","","","","","M","","M"
"-79.63","43.68","TORONTO INTL A","6158731","2022-05-14","2022","05","14","","26.5","","15.2","","20.9","","0.0","","2.9","","0.0","","0.0","","0.0","","","","14","","32",""
"-79.63","43.68","TORONTO INTL A","6158731","2022-05-15","2022","05","15","","29.2","","15.4","","22.3","","0.0","","4.3","","0.0","T","0.0","","0.0","T","","","30","","37",""
"-79.63","43.68","TORONTO INTL A","6158731","2022-05-16","2022","05","16","","","M","","M","","M","","M","","M","10.8","","0.0","","10.8","","","","1","","49",""
"-79.63","43.68","TORONTO INTL A","6158731","2022-05-17","2022","05","17","","16.9","","6.5","","11.7","","6.3","","0.0","","0.0","","0.0","","0.0","","","","31","","52",""
"-79.63","43.68","TORONTO INTL A","6158731","2022-05-18","2022","05","18","","14.7","","5.8","","10.3","","7.7","","0.0","","0.0","T","0.0","","0.0","T","","","","M","","M"
"-79.63","43.68","TORONTO INTL A","6158731","2022-05-19","2022","05","19","","22.5","","9.3","","15.9","","2.1","","0.0","","0.2","","0.0","","0.2","","","","27","","37",""
"-79.63","43.68","TORONTO INTL A","6158731","2022-05-20","2022","05","20","","23.8","","11.6","","17.7","","0.3","","0.0","","0.0","T","0.0","","0.0","T","","","15","","44",""
"-79.63","43.68","TORONTO INTL A","6158731","2022-05-21","2022","05","21","","29.9","","16.2","","23.1","","0.0","","5.1","","6.2","","0.0","","6.2","","","","28","","121",""
"-79.63","43.68","TORONTO INTL A","6158731","2022-05-22","2022","05","22","","17.7","","8.0","","12.9","","5.1","","0.0","","0.4","","0.0","","0.4","","","","35","","48",""
"-79.63","43.68","TORONTO INTL A","6158731","2022-05-23","2022","05","23","","16.6","","6.7","","11.7","","6.3","","0.0","","0.0","","0.0","","0.0","","","","","M","","M"
"-79.63","43.68","TORONTO INTL A","6158731","2022-05-24","2022","05","24","","19.2","","6.2","","12.7","","5.3","","0.0","","0.0","","0.0","","0.0","","","","","M","","M"
"-79.63","43.68","TORONTO INTL A","6158731","2022-05-25","2022","05","25","","20.1","","10.3","","15.2","","2.8","","0.0","","0.2","","0.0","","0.2","","","","8","","44",""
"-79.63","43.68","TORONTO INTL A","6158731","2022-05-26","2022","05","26","","26.9","","13.7","","20.3","","0.0","","2.3","","2.4","","0.0","","2.4","","","","24","","53",""
"-79.63","43.68","TORONTO INTL A","6158731","2022-05-27","2022","05","27","","24.0","","15.0","","19.5","","0.0","","1.5","","1.8","","0.0","","1.8","","","","32","","40",""
"-79.63","43.68","TORONTO INTL A","6158731","2022-05-28","2022","05","28","","22.2","","13.2","","17.7","","0.3","","0.0","","1.0","","0.0","","1.0","","","","34","","36",""
"-79.63","43.68","TORONTO INTL A","6158731","2022-05-29","2022","05","29","","24.5","","13.5","","19.0","","0.0","","1.0","","0.0","","0.0","","0.0","","","","16","","33",""
"-79.63","43.68","TORONTO INTL A","6158731","2022-05-30","2022","05","30","","31.9","","16.6","","24.3","","0.0","","6.3","","0.0","","0.0","","0.0","","","","23","","53",""
"-79.63","43.68","TORONTO INTL A","6158731","2022-05-31","2022","05","31","","32.8","","21.0","","26.9","","0.0","","8.9","","0.0","","0.0","","0.0","","","","23","","46",""
"-79.63","43.68","TORONTO INTL A","6158731","2022-06-01","2022","06","01","","25.7","","12.2","","19.0","","0.0","","1.0","","4.2","","0.0","","4.2","","","","32","","36",""
"-79.63","43.68","TORONTO INTL A","6158731","2022-06-02","2022","06","02","","21.9","","9.5","","15.7","","2.3","","0.0","","0.0","T","0.0","","0.0","T","","","27","","48",""
"-79.63","43.68","TORONTO INTL A","6158731","2022-06-03","2022","06","03","","25.7","","8.3","","17.0","","1.0","","0.0","","0.2","","0.0","","0.2","","","","32","","47",""
"-79.63","43.68","TORONTO INTL A","6158731","2022-06-04","2022","06","04","","21.1","","7.2","","14.2","","3.8","","0.0","","0.0","","0.0","","0.0","","","","32","","49",""
"-79.63","43.68","TORONTO INTL A","6158731","2022-06-05","2022","06","05","","25.2","","10.6","","17.9","","0.1","","0.0","","0.8","","0.0","","0.8","","","","23","","42",""
"-79.63","43.68","TORONTO INTL A","6158731","2022-06-06","2022","06","06","","21.7","","13.7","","17.7","","0.3","","0.0","","9.2","","0.0","","9.2","","","","11","","32",""
"-79.63","43.68","TORONTO INTL A","6158731","2022-06-07","2022","06","07","","23.0","","11.8","","17.4","","0.6","","0.0","","12.6","","0.0","","12.6","","","","28","","51",""
"-79.63","43.68","TORONTO INTL A","6158731","2022-06-08","2022","06","08","","22.3","","10.5","","16.4","","1.6","","0.0","","3.6","","0.0","","3.6","","","","","M","","M"
"-79.63","43.68","TORONTO INTL A","6158731","2022-06-09","2022","06","09","","22.4","","12.2","","17.3","","0.7","","0.0","","4.0","","0.0","","4.0","","","","28","","54",""
"-79.63","43.68","TORONTO INTL A","6158731","2022-06-10","2022","06","10","","23.0","","11.5","","17.3","","0.7","","0.0","","0.0","","0.0","","0.0","","","","26","","50",""
"-79.63","43.68","TORONTO INTL A","6158731","2022-06-11","2022","06","11","","24.1","","14.7","","19.4","","0.0","","1.4","","0.0","","0.0","","0.0","","","","21","","57",""
"-79.63","43.68","TORONTO INTL A","6158731","2022-06-12","2022","06","12","","24.7","","13.4","","19.1","","0.0","","1.1","","1.2","","0.0","","1.2","","","","27","","40",""
"-79.63","43.68","TORONTO INTL A","6158731","2022-06-13","2022","06","13","","22.3","","11.1","","16.7","","1.3","","0.0","","0.0","","0.0","","0.0","","","","","M","","M"
"-79.63","43.68","TORONTO INTL A","6158731","2022-06-14","2022","06","14","","24.5","","16.5","","20.5","","0.0","","2.5","","0.0","","0.0","","0.0","","","","17","","32",""
"-79.63","43.68","TORONTO INTL A","6158731","2022-06-15","2022","06","15","","27.1","","17.1","","22.1","","0.0","","4.1","","0.0","T","0.0","","0.0","T","","","36","","35",""
"-79.63","43.68","TORONTO INTL A","6158731","2022-06-16","2022","06","16","","33.3","","18.8","","26.1","","0.0","","8.1","","0.0","T","0.0","","0.0","T","","","29","","62",""
"-79.63","43.68","TORONTO INTL A","6158731","2022-06-17","2022","06","17","","27.3","","12.6","","20.0","","0.0","","2.0","","0.0","","0.0","","0.0","","","","29","","75",""
"-79.63","43.68","TORONTO INTL A","6158731","2022-06-18","2022","06","18","","19.8","","10.8","","15.3","","2.7","","0.0","","0.0","","0.0","","0.0","","","","35","","62",""
"-79.63","43.68","TORONTO INTL A","6158731","2022-06-19","2022","06","19","","23.1","","10.1","","16.6","","1.4","","0.0","","0.0","","0.0","","0.0","","","","35","","43",""
"-79.63","43.68","TORONTO INTL A","6158731","2022-06-20","2022","06","20","","25.4","","14.7","","20.1","","0.0","","2.1","","0.0","","0.0","","0.0","","","","25","","37",""
"-79.63","43.68","TORONTO INTL A","6158731","2022-06-21","2022","06","21","","35.3","","17.0","","26.2","","0.0","","8.2","","0.0","","0.0","","0.0","","","","29","","44",""
"-79.63","43.68","TORONTO INTL A","6158731","2022-06-22","2022","06","22","","35.5","","17.7","","26.6","","0.0","","8.6","","0.0","","0.0","","0.0","","","","31","","59",""
"-79.63","43.68","TORONTO INTL A","6158731","2022-06-23","2022","06","23","","28.3","","14.8","","21.6","","0.0","","3.6","","0.0","","0.0","","0.0","","","","34","","38",""
"-79.63","43.68","TORONTO INTL A","6158731","2022-06-24","2022","06","24","","28.5","","13.4","","21.0","","0.0","","3.0","","0.0","","0.0","","0.0","","","","","M","","M"
"-79.63","43.68","TORONTO INTL A","6158731","2022-06-25","2022","06","25","","30.7","","18.9","","24.8","","0.0","","6.8","","0.0","","0.0","","0.0","","","","","M","","M"
"-79.63","43.68","TORONTO INTL A","6158731","2022-06-26","2022","06","26","","31.4","","18.7","","25.1","","0.0","","7.1","","0.4","","0.0","","0.4","","","","34","","46",""
"-79.63","43.68","TORONTO INTL A","6158731","2022-06-27","2022","06","27","","22.0","","12.3","","17.2","","0.8","","0.0","","0.0","","0.0","","0.0","","","","32","","53",""
"-79.63","43.68","TORONTO INTL A","6158731","2022-06-28","2022","06","28","","24.1","","11.0","","17.6","","0.4","","0.0","","0.0","","0.0","","0.0","","","","20","","36",""
"-79.63","43.68","TORONTO INTL A","6158731","2022-06-29","2022","06","29","","25.2","","14.4","","19.8","","0.0","","1.8","","4.2","","0.0","","4.2","","","","29","","33",""
"-79.63","43.68","TORONTO INTL A","6158731","2022-06-30","2022","06","30","","27.6","","13.9","","20.8","","0.0","","2.8","","0.0","","0.0","","0.0","","","","17","","33",""
"-79.63","43.68","TORONTO INTL A","6158731","2022-07-01","2022","07","01","","29.6","","20.4","","25.0","","0.0","","7.0","","0.6","","0.0","","0.6","","","","23","","43",""
"-79.63","43.68","TORONTO INTL A","6158731","2022-07-02","2022","07","02","","29.3","","14.0","","21.7","","0.0","","3.7","","0.0","","0.0","","0.0","","","","25","","55",""
"-79.63","43.68","TORONTO INTL A","6158731","2022-07-03","2022","07","03","","28.1","","13.1","","20.6","","0.0","","2.6","","0.0","","0.0","","0.0","","","","29","","45",""
"-79.63","43.68","TORONTO INTL A","6158731","2022-07-04","2022","07","04","","26.2","","15.5","","20.9","","0.0","","2.9","","0.0","","0.0","","0.0","","","","","M","","M"
"-79.63","43.68","TORONTO INTL A","6158731","2022-07-05","2022","07","05","","27.7","","18.4","","23.1","","0.0","","5.1","","7.4","","0.0","","7.4","","","","30","","47",""
"-79.63","43.68","TORONTO INTL A","6158731","2022-07-06","2022","07","06","","23.9","","16.0","","20.0","","0.0","","2.0","","0.0","","0.0","","0.0","","","","35","","35",""
"-79.63","43.68","TORONTO INTL A","6158731","2022-07-07","2022","07","07","","26.2","","14.3","","20.3","","0.0","","2.3","","0.0","","0.0","","0.0","","","","13","","31",""
"-79.63","43.68","TORONTO INTL A","6158731","2022-07-08","2022","07","08","","26.9","","15.8","","21.4","","0.0","","3.4","","0.0","T","0.0","","0.0","T","","","1","","39",""
"-79.63","43.68","TORONTO INTL A","6158731","2022-07-09","2022","07","09","","23.9","","13.2","","18.6","","0.0","","0.6","","0.0","","0.0","","0.0","","","","","M","","M"
"-79.63","43.68","TORONTO INTL A","6158731","2022-07-10","2022","07","10","","27.8","","14.1","","21.0","","0.0","","3.0","","0.0","","0.0","","0.0","","","","15","","36",""
"-79.63","43.68","TORONTO INTL A","6158731","2022-07-11","2022","07","11","","31.6","","15.4","","23.5","","0.0","","5.5","","0.4","","0.0","","0.4","","","","23","","73",""
"-79.63","43.68","TORONTO INTL A","6158731","2022-07-12","2022","07","12","","28.1","","18.3","","23.2","","0.0","","5.2","","0.0","T","0.0","","0.0","T","","","32","","61",""
"-79.63","43.68","TORONTO INTL A","6158731","2022-07-13","2022","07","13","","24.1","","16.6","","20.4","","0.0","","2.4","","0.0","T","0.0","","0.0","T","","","33","","37",""
"-79.63","43.68","TORONTO INTL A","6158731","2022-07-14","2022","07","14","","26.8","","15.1","","21.0","","0.0","","3.0","","0.0","","0.0","","0.0","","","","33","","32",""
"-79.63","43.68","TORONTO INTL A","6158731","2022-07-15","2022","07","15","","27.1","","14.9","","21.0","","0.0","","3.0","","0.0","","0.0","","0.0","","","","","M","","M"
"-79.63","43.68","TORONTO INTL A","6158731","2022-07-16","2022","07","16","","29.4","","16.7","","23.1","","0.0","","5.1","","0.0","","0.0","","0.0","","","","12","","32",""
"-79.63","43.68","TORONTO INTL A","6158731","2022-07-17","2022","07","17","","29.4","","18.4","","23.9","","0.0","","5.9","","0.0","","0.0","","0.0","","","","12","","31",""
"-79.63","43.68","TORONTO INTL A","6158731","2022-07-18","2022","07","18","","27.9","","19.6","","23.8","","0.0","","5.8","","16.0","","0.0","","16.0","","","","33","","43",""
"-79.63","43.68","TORONTO INTL A","6158731","2022-07-19","2022","07","19","","34.7","","19.5","","27.1","","0.0","","9.1","","0.0","","0.0","","0.0","","","","31","","41",""
"-79.63","43.68","TORONTO INTL A","6158731","2022-07-20","2022","07","20","","31.7","","23.4","","27.6","","0.0","","9.6","","0.0","T","0.0","","0.0","T","","","23","","59",""
"-79.63","43.68","TORONTO INTL A","6158731","2022-07-21","2022","07","21","","31.3","","21.4","","26.4","","0.0","","8.4","","0.0","","0.0","","0.0","","","","28","","64",""
"-79.63","43.68","TORONTO INTL A","6158731","2022-07-22","2022","07","22","","32.7","","19.2","","26.0","","0.0","","8.0","","0.0","","0.0","","0.0","","","","24","","58",""
"-79.63","43.68","TORONTO INTL A","6158731","2022-07-23","2022","07","23","","33.2","","21.8","","27.5","","0.0","","9.5","","0.0","","0.0","","0.0","","","","24","","49",""
"-79.63","43.68","TORONTO INTL A","6158731","2022-07-24","2022","07","24","","31.0","","21.1","","26.1","","0.0","","8.1","","18.4","","0.0","","18.4","","","","22","","53",""
"-79.63","43.68","TORONTO INTL A","6158731","2022-07-25","2022","07","25","","23.4","","15.8","","19.6","","0.0","","1.6","","0.0","","0.0","","0.0","","","","29","","52",""
"-79.63","43.68","TORONTO INTL A","6158731","2022-07-26","2022","07","26","","24.2","","13.8","","19.0","","0.0","","1.0","","0.0","","0.0","","0.0","","","","","M","","M"
"-79.63","43.68","TORONTO INTL A","6158731","2022-07-27","2022","07","27","","26.2","","16.0","","21.1","","0.0","","3.1","","0.0","","0.0","","0.0","","","","16","","32",""
"-79.63","43.68","TORONTO INTL A","6158731","2022-07-28","2022","07","28","","29.5","","18.9","","24.2","","0.0","","6.2","","0.8","","0.0","","0.8","","","","30","","65",""
"-79.63","43.68","TORONTO INTL A","6158731","2022-07-29","2022","07","29","","28.9","","14.5","","21.7","","0.0","","3.7","","0.0","","0.0","","0.0","","","","28","","53",""
"-79.63","43.68","TORONTO INTL A","6158731","2022-07-30","2022","07","30","","27.1","","15.5","","21.3","","0.0","","3.3","","0.0","","0.0","","0.0","","","","29","","36",""
"-79.63","43.68","TORONTO INTL A","6158731","2022-07-31","2022","07","31","","28.4","","16.8","","22.6","","0.0","","4.6","","0.0","","0.0","","0.0","","","","15","","42",""
"-79.63","43.68","TORONTO INTL A","6158731","2022-08-01","2022","08","01","","29.8","","18.6","","24.2","","0.0","","6.2","","0.2","","0.0","","0.2","","","","21","","49",""
"-79.63","43.68","TORONTO INTL A","6158731","2022-08-02","2022","08","02","","26.5","","17.1","","21.8","","0.0","","3.8","","0.0","","0.0","","0.0","","","","34","","43",""
"-79.63","43.68","TORONTO INTL A","6158731","2022-08-03","2022","08","03","","31.0","","15.3","","23.2","","0.0","","5.2","","1.0","","0.0","","1.0","","","","27","","52",""
"-79.63","43.68","TORONTO INTL A","6158731","2022-08-04","2022","08","04","","29.1","","21.3","","25.2","","0.0","","7.2","","15.0","","0.0","","15.0","","","","30","","36",""
"-79.63","43.68","TORONTO INTL A","6158731","2022-08-05","2022","08","05","","29.2","","20.1","","24.7","","0.0","","6.7","","0.0","","0.0","","0.0","","","","","M","","M"
"-79.63","43.68","TORONTO INTL A","6158731","2022-08-06","2022","08","06","","31.6","","20.9","","26.3","","0.0","","8.3","","0.0","","0.0","","0.0","","","","17","","38",""
"-79.63","43.68","TORONTO INTL A","6158731","2022-08-07","2022","08","07","","33.9","","22.8","","28.4","","0.0","","10.4","","0.0","","0.0","","0.0","","","","24","","45",""
"-79.63","43.68","TORONTO INTL A","6158731","2022-08-08","2022","08","08","","31.4","","19.5","","25.5","","0.0","","7.5","","2.0","","0.0","","2.0","","","","23","","53",""
"-79.63","43.68","TORONTO INTL A","6158731","2022-08-09","2022","08","09","","22.9","","17.7","","20.3","","0.0","","2.3","","0.0","","0.0","","0.0","","","","33","","45",""
"-79.63","43.68","TORONTO INTL A","6158731","2022-08-10","2022","08","10","","26.8","","15.1","","21.0","","0.0","","3.0","","0.0","","0.0","","0.0","","","","26","","31",""
"-79.63","43.68","TORONTO INTL A","6158731","2022-08-11","2022","08","11","","26.5","","16.3","","21.4","","0.0","","3.4","","0.0","","0.0","","0.0","","","","1","","47",""
"-79.63","43.68","TORONTO INTL A","6158731","2022-08-12","2022","08","12","","26.4","","13.7","","20.1","","0.0","","2.1","","0.0","","0.0","","0.0","","","","33","","54",""
"-79.63","43.68","TORONTO INTL A","6158731","2022-08-13","2022","08","13","","25.9","","12.9","","19.4","","0.0","","1.4","","0.0","","0.0","","0.0","","","","30","","33",""
"-79.63","43.68","TORONTO INTL A","6158731","2022-08-14","2022","08","14","","26.7","","15.9","","21.3","","0.0","","3.3","","0.0","","0.0","","0.0","","","","","M","","M"
"-79.63","43.68","TORONTO INTL A","6158731","2022-08-15","2022","08","15","","27.8","","17.1","","22.5","","0.0","","4.5","","0.0","","0.0","","0.0","","","","11","","37",""
"-79.63","43.68","TORONTO INTL A","6158731","2022-08-16","2022","08","16","","28.2","","16.3","","22.3","","0.0","","4.3","","0.0","","0.0","","0.0","","","","1","","36",""
"-79.63","43.68","TORONTO INTL A","6158731","2022-08-17","2022","08","17","","27.8","","17.0","","22.4","","0.0","","4.4","","24.0","","0.0","","24.0","","","","","M","","M"
"-79.63","43.68","TORONTO INTL A","6158731","2022-08-18","2022","08","18","","28.3","","16.8","","22.6","","0.0","","4.6","","1.6","","0.0","","1.6","","","","20","","37",""
"-79.63","43.68","TORONTO INTL A","6158731","2022-08-19","2022","08","19","","27.9","","16.2","","22.1","","0.0","","4.1","","0.8","","0.0","","0.8","","","","17","","36",""
"-79.63","43.68","TORONTO INTL A","6158731","2022-08-20","2022","08","20","","29.4","","17.5","","23.5","","0.0","","5.5","","0.0","","0.0","","0.0","","","","","M","","M"
"-79.63","43.68","TORONTO INTL A","6158731","2022-08-21","2022","08","21","","25.6","","18.5","","22.1","","0.0","","4.1","","13.4","","0.0","","13.4","","","","22","","54",""
"-79.63","43.68","TORONTO INTL A","6158731","2022-08-22","2022","08","22","","25.5","","19.1","","22.3","","0.0","","4.3","","12.2","","0.0","","12.2","","","","","M","","M"
"-79.63","43.68","TORONTO INTL A","6158731","2022-08-23","2022","08","23","","28.4","","17.1","","22.8","","0.0","","4.8","","0.0","","0.0","","0.0","","","","28","","40",""
"-79.63","43.68","TORONTO INTL A","6158731","2022-08-24","2022","08","24","","29.8","","16.1","","23.0","","0.0","","5.0","","0.0","","0.0","","0.0","","","","2","","36",""
"-79.63","43.68","TORONTO INTL A","6158731","2022-08-25","2022","08","25","","24.9","","18.5","","21.7","","0.0","","3.7","","5.8","","0.0","","5.8","","","","13","","52",""
"-79.63","43.68","TORONTO INTL A","6158731","2022-08-26","2022","08","26","","25.9","","15.0","","20.5","","0.0","","2.5","","0.0","","0.0","","0.0","","","","36","","52",""
"-79.63","43.68","TORONTO INTL A","6158731","2022-08-27","2022","08","27","","23.4","","13.0","","18.2","","0.0","","0.2","","0.0","","0.0","","0.0","","","","","M","","M"
"-79.63","43.68","TORONTO INTL A","6158731","2022-08-28","2022","08","28","","28.2","","14.7","","21.5","","0.0","","3.5","","0.0","","0.0","","0.0","","","","14","","32",""
"-79.63","43.68","TORONTO INTL A","6158731","2022-08-29","2022","08","29","","30.9","","21.3","","26.1","","0.0","","8.1","","1.8","","0.0","","1.8","","","","26","","60",""
"-79.63","43.68","TORONTO INTL A","6158731","2022-08-30","2022","08","30","","26.0","","16.3","","21.2","","0.0","","3.2","","3.0","","0.0","","3.0","","","","29","","47",""
"-79.63","43.68","TORONTO INTL A","6158731","2022-08-31","2022","08","31","","26.8","","15.0","","20.9","","0.0","","2.9","","0.0","T","0.0","","0.0","T","","","26","","65",""
"-79.63","43.68","TORONTO INTL A","6158731","2022-09-01","2022","09","01","","24.2","","11.9","","18.1","","0.0","","0.1","","0.0","","0.0","","0.0","","","","30","","36",""
"-79.63","43.68","TORONTO INTL A","6158731","2022-09-02","2022","09","02","","27.9","","16.1","","22.0","","0.0","","4.0","","0.0","","0.0","","0.0","","","","14","","32",""
"-79.63","43.68","TORONTO INTL A","6158731","2022-09-03","2022","09","03","","29.7","","18.3","","24.0","","0.0","","6.0","","0.0","","0.0","","0.0","","","","35","","39",""
"-79.63","43.68","TORONTO INTL A","6158731","2022-09-04","2022","09","04","","20.3","","15.8","","18.1","","0.0","","0.1","","0.4","","0.0","","0.4","","","","","M","","M"
"-79.63","43.68","TORONTO INTL A","6158731","2022-09-05","2022","09","05","","21.5","","15.6","","18.6","","0.0","","0.6","","0.0","T","0.0","","0.0","T","","","","M","","M"
"-79.63","43.68","TORONTO INTL A","6158731","2022-09-06","2022","09","06","","23.7","","14.5","","19.1","","0.0","","1.1","","0.0","","0.0","","0.0","","","","","M","","M"
"-79.63","43.68","TORONTO INTL A","6158731","2022-09-07","2022","09","07","","24.3","","16.6","","20.5","","0.0","","2.5","","0.0","","0.0","","0.0","","","","","M","","M"
"-79.63","43.68","TORONTO INTL A","6158731","2022-09-08","2022","09","08","","26.7","","15.0","","20.9","","0.0","","2.9","","0.0","","0.0","","0.0","","","","","M","","M"
"-79.63","43.68","TORONTO INTL A","6158731","2022-09-09","2022","09","09","","26.7","","15.5","","21.1","","0.0","","3.1","","0.0","","0.0","","0.0","","","","","M","","M"
"-79.63","43.68","TORONTO INTL A","6158731","2022-09-10","2022","09","10","","28.3","","18.8","","23.6","","0.0","","5.6","","0.0","","0.0","","0.0","","","","16","","31",""
"-79.63","43.68","TORONTO INTL A","6158731","2022-09-11","2022","09","11","","24.4","","19.8","","22.1","","0.0","","4.1","","2.0","","0.0","","2.0","","","","","M","","M"
"-79.63","43.68","TORONTO INTL A","6158731","2022-09-12","2022","09","12","","24.1","","15.3","","19.7","","0.0","","1.7","","5.2","","0.0","","5.2","","","","25","","41",""
"-79.63","43.68","TORONTO INTL A","6158731","2022-09-13","2022","09","13","","21.6","","12.1","","16.9","","1.1","","0.0","","0.4","","0.0","","0.4","","","","","M","","M"
"-79.63","43.68","TORONTO INTL A","6158731","2022-09-14","2022","09","14","","25.3","","11.0","","18.2","","0.0","","0.2","","0.0","","0.0","","0.0","","","","36","","49",""
"-79.63","43.68","TORONTO INTL A","6158731","2022-09-15","2022","09","15","","19.0","","8.6","","13.8","","4.2","","0.0","","0.0","","0.0","","0.0","","","","","M","","M"
"-79.63","43.68","TORONTO INTL A","6158731","2022-09-16","2022","09","16","","24.7","","11.7","","18.2","","0.0","","0.2","","0.0","","0.0","","0.0","","","","9","","31",""
"-79.63","43.68","TORONTO INTL A","6158731","2022-09-17","2022","09","17","","24.6","","15.5","","20.1","","0.0","","2.1","","0.0","","0.0","","0.0","","","","","M","","M"
"-79.63","43.68","TORONTO INTL A","6158731","2022-09-18","2022","09","18","","","M","","M","","M","","M","","M","3.6","","0.0","","3.6","","","","25","","35",""
"-79.63","43.68","TORONTO INTL A","6158731","2022-09-19","2022","09","19","","27.8","","16.1","","22.0","","0.0","","4.0","","0.2","","0.0","","0.2","","","","29","","58",""
"-79.63","43.68","TORONTO INTL A","6158731","2022-09-20","2022","09","20","","26.2","","15.4","","20.8","","0.0","","2.8","","0.0","","0.0","","0.0","","","","32","","43",""
"-79.63","43.68","TORONTO INTL A","6158731","2022-09-21","2022","09","21","","29.5","","16.5","","23.0","","0.0","","5.0","","0.0","T","0.0","","0.0","T","","","24","","66",""
"-79.63","43.68","TORONTO INTL A","6158731","2022-09-22","2022","09","22","","17.3","","7.5","","12.4","","5.6","","0.0","","0.2","","0.0","","0.2","","","","34","","65",""
"-79.63","43.68","TORONTO INTL A","6158731","2022-09-23","2022","09","23","","16.5","","5.0","","10.8","","7.2","","0.0","","0.0","","0.0","","0.0","","","","1","","51",""
"-79.63","43.68","TORONTO INTL A","6158731","2022-09-24","2022","09","24","","18.6","","5.8","","12.2","","5.8","","0.0","","0.0","T","0.0","","0.0","T","","","","M","","M"
"-79.63","43.68","TORONTO INTL A","6158731","2022-09-25","2022","09","25","","18.6","","12.4","","15.5","","2.5","","0.0","","23.2","","0.0","","23.2","","","","17","","33",""
"-79.63","43.68","TORONTO INTL A","6158731","2022-09-26","2022","09","26","","17.4","","10.4","","13.9","","4.1","","0.0","","2.4","","0.0","","2.4","","","","27","","50",""
"-79.63","43.68","TORONTO INTL A","6158731","2022-09-27","2022","09","27","","17.8","","11.3","","14.6","","3.4","","0.0","","1.8","","0.0","","1.8","","","","24","","38",""
"-79.63","43.68","TORONTO INTL A","6158731","2022-09-28","2022","09","28","","13.6","","10.0","","11.8","","6.2","","0.0","","0.0","","0.0","","0.0","","","","32","","38",""
"-79.63","43.68","TORONTO INTL A","6158731","2022-09-29","2022","09","29","","16.2","","8.1","","12.2","","5.8","","0.0","","0.0","","0.0","","0.0","","","","","M","","M"
"-79.63","43.68","TORONTO INTL A","6158731","2022-09-30","2022","09","30","","17.6","","5.6","","11.6","","6.4","","0.0","","0.0","","0.0","","0.0","","","","","M","","M"
"-79.63","43.68","TORONTO INTL A","6158731","2022-10-01","2022","10","01","","20.2","","9.0","","14.6","","3.4","","0.0","","0.0","","0.0","","0.0","","","","3","","44",""
"-79.63","43.68","TORONTO INTL A","6158731","2022-10-02","2022","10","02","","16.0","","6.5","","11.3","","6.7","","0.0","","0.0","","0.0","","0.0","","","","3","","43",""
"-79.63","43.68","TORONTO INTL A","6158731","2022-10-03","2022","10","03","","16.2","","2.8","","9.5","","8.5","","0.0","","0.0","","0.0","","0.0","","","","","M","","M"
"-79.63","43.68","TORONTO INTL A","6158731","2022-10-04","2022","10","04","","18.3","","6.2","","12.3","","5.7","","0.0","","0.0","","0.0","","0.0","","","","","M","","M"
"-79.63","43.68","TORONTO INTL A","6158731","2022-10-05","2022","10","05","","22.8","","8.1","","15.5","","2.5","","0.0","","0.0","","0.0","","0.0","","","","","M","","M"
"-79.63","43.68","TORONTO INTL A","6158731","2022-10-06","2022","10","06","","23.4","","12.9","","18.2","","0.0","","0.2","","0.4","","0.0","","0.4","","","","31","","50",""
"-79.63","43.68","TORONTO INTL A","6158731","2022-10-07","2022","10","07","","13.3","","1.9","","7.6","","10.4","","0.0","","0.2","","0.0","","0.2","","","","32","","53",""
"-79.63","43.68","TORONTO INTL A","6158731","2022-10-08","2022","10","08","","12.2","","0.8","","6.5","","11.5","","0.0","","0.0","","0.0","","0.0","","","","26","","53",""
"-79.63","43.68","TORONTO INTL A","6158731","2022-10-09","2022","10","09","","15.5","","5.9","","10.7","","7.3","","0.0","","0.0","","0.0","","0.0","","","","25","","39",""
"-79.63","43.68","TORONTO INTL A","6158731","2022-10-10","2022","10","10","","15.9","","6.0","","11.0","","7.0","","0.0","","0.0","","0.0","","0.0","","","","","M","","M"
"-79.63","43.68","TORONTO INTL A","6158731","2022-10-11","2022","10","11","","22.4","","5.0","","13.7","","4.3","","0.0","","0.0","","0.0","","0.0","","","","23","","45",""
"-79.63","43.68","TORONTO INTL A","6158731","2022-10-12","2022","10","12","","19.9","","13.8","","16.9","","1.1","","0.0","","4.8","","0.0","","4.8","","","","18","","37",""
"-79.63","43.68","TORONTO INTL A","6158731","2022-10-13","2022","10","13","","15.5","","6.9","","11.2","","6.8","","0.0","","11.4","","0.0","","11.4","","","","21","","46",""
"-79.63","43.68","TORONTO INTL A","6158731","2022-10-14","2022","10","14","","14.2","","6.2","","10.2","","7.8","","0.0","","0.4","","0.0","","0.4","","","","23","","53",""
"-79.63","43.68","TORONTO INTL A","6158731","2022-10-15","2022","10","15","","13.3","","5.9","","9.6","","8.4","","0.0","","1.8","","0.0","","1.8","","","","24","","64",""
"-79.63","43.68","TORONTO INTL A","6158731","2022-10-16","2022","10","16","","16.6","","6.0","","11.3","","6.7","","0.0","","0.0","","0.0","","0.0","","","","23","","44",""
"-79.63","43.68","TORONTO INTL A","6158731","2022-10-17","2022","10","17","","9.8","","3.5","","6.7","","11.3","","0.0","","0.8","","0.0","","0.8","","","","22","","35",""
"-79.63","43.68","TORONTO INTL A","6158731","2022-10-18","2022","10","18","","9.4","","0.9","","5.2","","12.8","","0.0","","2.0","","0.0","","2.0","","","","25","","46",""
"-79.63","43.68","TORONTO INTL A","6158731","2022-10-19","2022","10","19","","9.8","","3.2","","6.5","","11.5","","0.0","","1.4","","0.0","","1.4","","","","27","","48",""
"-79.63","43.68","TORONTO INTL A","6158731","2022-10-20","2022","10","20","","6.8","","1.2","","4.0","","14.0","","0.0","","0.6","","0.0","","0.6","","","","24","","46",""
"-79.63","43.68","TORONTO INTL A","6158731","2022-10-21","2022","10","21","","17.6","","0.3","","9.0","","9.0","","0.0","","0.0","","0.0","","0.0","","","","21","","51",""
"-79.63","43.68","TORONTO INTL A","6158731","2022-10-22","2022","10","22","","21.2","","10.6","","15.9","","2.1","","0.0","","0.0","","0.0","","0.0","","","","22","","39",""
"-79.63","43.68","TORONTO INTL A","6158731","2022-10-23","2022","10","23","","18.8","","6.4","","12.6","","5.4","","0.0","","0.0","","0.0","","0.0","","","","","M","","M"
"-79.63","43.68","TORONTO INTL A","6158731","2022-10-24","2022","10","24","","18.9","","5.2","","12.1","","5.9","","0.0","","0.0","","0.0","","0.0","","","","","M","","M"
"-79.63","43.68","TORONTO INTL A","6158731","2022-10-25","2022","10","25","","17.3","","7.8","","12.6","","5.4","","0.0","","0.0","","0.0","","0.0","","","","","M","","M"
"-79.63","43.68","TORONTO INTL A","6158731","2022-10-26","2022","10","26","","14.3","","6.9","","10.6","","7.4","","0.0","","9.4","","0.0","","9.4","","","","33","","57",""
"-79.63","43.68","TORONTO INTL A","6158731","2022-10-27","2022","10","27","","10.2","","1.8","","6.0","","12.0","","0.0","","0.0","","0.0","","0.0","","","","32","","43",""
"-79.63","43.68","TORONTO INTL A","6158731","2022-10-28","2022","10","28","","10.6","","1.3","","6.0","","12.0","","0.0","","0.0","","0.0","","0.0","","","","","M","","M"
"-79.63","43.68","TORONTO INTL A","6158731","2022-10-29","2022","10","29","","15.2","","0.1","","7.7","","10.3","","0.0","","0.0","","0.0","","0.0","","","","","M","","M"
"-79.63","43.68","TORONTO INTL A","6158731","2022-10-30","2022","10","30","","13.9","","1.7","","7.8","","10.2","","0.0","","0.0","","0.0","","0.0","","","","","M","","M"
"-79.63","43.68","TORONTO INTL A","6158731","2022-10-31","2022","10","31","","11.5","","5.9","","8.7","","9.3","","0.0","","3.4","","0.0","","3.4","","","","","M","","M"
"-79.63","43.68","TORONTO INTL A","6158731","2022-11-01","2022","11","01","","19.9","","7.2","","13.6","","4.4","","0.0","","10.4","","0.0","","10.4","","","","26","","38",""
"-79.63","43.68","TORONTO INTL A","6158731","2022-11-02","2022","11","02","","14.8","","5.2","","10.0","","8.0","","0.0","","0.0","","0.0","","0.0","","","","","M","","M"
"-79.63","43.68","TORONTO INTL A","6158731","2022-11-03","2022","11","03","","12.9","","6.7","","9.8","","8.2","","0.0","","0.0","","0.0","","0.0","","","","","M","","M"
"-79.63","43.68","TORONTO INTL A","6158731","2022-11-04","2022","11","04","","20.8","","7.8","","14.3","","3.7","","0.0","","0.0","","0.0","","0.0","","","","20","","33",""
"-79.63","43.68","TORONTO INTL A","6158731","2022-11-05","2022","11","05","","25.1","","12.7","","18.9","","0.0","","0.9","","5.2","","0.0","","5.2","","","","24","","64",""
"-79.63","43.68","TORONTO INTL A","6158731","2022-11-06","2022","11","06","","18.2","","11.1","","14.7","","3.3","","0.0","","0.0","","0.0","","0.0","","","","23","","49",""
"-79.63","43.68","TORONTO INTL A","6158731","2022-11-07","2022","11","07","","13.2","","3.1","","8.2","","9.8","","0.0","","0.0","","0.0","","0.0","","","","27","","51",""
"-79.63","43.68","TORONTO INTL A","6158731","2022-11-08","2022","11","08","","9.7","","2.3","","6.0","","12.0","","0.0","","0.0","","0.0","","0.0","","","","3","","32",""
"-79.63","43.68","TORONTO INTL A","6158731","2022-11-09","2022","11","09","","12.1","","4.0","","8.1","","9.9","","0.0","","0.0","","0.0","","0.0","","","","14","","32",""
"-79.63","43.68","TORONTO INTL A","6158731","2022-11-10","2022","11","10","","21.3","","7.8","","14.6","","3.4","","0.0","","0.0","","0.0","","0.0","","","","20","","42",""
"-79.63","43.68","TORONTO INTL A","6158731","2022-11-11","2022","11","11","","14.6","","11.1","","12.9","","5.1","","0.0","","9.0","","0.0","","9.0","","","","31","","49",""
"-79.63","43.68","TORONTO INTL A","6158731","2022-11-12","2022","11","12","","11.3","","2.5","","6.9","","11.1","","0.0","","0.6","","0.0","","0.6","","","","29","","51",""
"-79.63","43.68","TORONTO INTL A","6158731","2022-11-13","2022","11","13","","4.3","","-1.8","","1.3","","16.7","","0.0","","0.0","","0.2","","0.2","","","","31","","42",""
"-79.63","43.68","TORONTO INTL A","6158731","2022-11-14","2022","11","14","","4.5","","-2.2","","1.2","","16.8","","0.0","","0.0","","0.0","","0.0","","","","26","","33",""
"-79.63","43.68","TORONTO INTL A","6158731","2022-11-15","2022","11","15","","0.8","","-2.1","","-0.7","","18.7","","0.0","","0.0","","4.2","","4.2","","1","E","5","","40",""
"-79.63","43.68","TORONTO INTL A","6158731","2022-11-16","2022","11","16","","1.8","","-1.9","","-0.1","","18.1","","0.0","","0.0","","5.0","","5.0","","7","","","M","","M"
"-79.63","43.68","TORONTO INTL A","6158731","2022-11-17","2022","11","17","","1.2","","-3.3","","-1.1","","19.1","","0.0","","0.0","","0.4","","0.4","","5","","29","","49",""
"-79.63","43.68","TORONTO INTL A","6158731","2022-11-18","2022","11","18","","1.4","","-2.8","","-0.7","","18.7","","0.0","","0.0","","0.0","","0.0","","3","","27","","57",""
"-79.63","43.68","TORONTO INTL A","6158731","2022-11-19","2022","11","19","","-1.3","","-5.2","","-3.3","","21.3","","0.0","","0.0","","0.4","","0.4","","3","","21","","51",""
"-79.63","43.68","TORONTO INTL A","6158731","2022-11-20","2022","11","20","","-3.4","","-7.5","","-5.5","","23.5","","0.0","","0.0","","1.8","","1.8","","5","","25","","66",""
"-79.63","43.68","TORONTO INTL A","6158731","2022-11-21","2022","11","21","","7.2","","-7.7","","-0.3","","18.3","","0.0","","0.0","","0.0","","0.0","","4","","24","","64",""
"-79.63","43.68","TORONTO INTL A","6158731","2022-11-22","2022","11","22","","5.2","","-2.2","","1.5","","16.5","","0.0","","0.0","","0.0","","0.0","","0","T","","M","","M"
"-79.63","43.68","TORONTO INTL A","6158731","2022-11-23","2022","11","23","","8.0","","-3.1","","2.5","","15.5","","0.0","","0.0","","0.0","","0.0","","0","T","","M","","M"
"-79.63","43.68","TORONTO INTL A","6158731","2022-11-24","2022","11","24","","9.4","","-2.2","","3.6","","14.4","","0.0","","0.0","T","0.0","","0.0","T","","","","M","","M"
"-79.63","43.68","TORONTO INTL A","6158731","2022-11-25","2022","11","25","","7.6","","0.0","","3.8","","14.2","","0.0","","0.2","","0.0","","0.2","","","","30","","67",""
"-79.63","43.68","TORONTO INTL A","6158731","2022-11-26","2022","11","26","","13.6","","-0.4","","6.6","","11.4","","0.0","","0.0","","0.0","","0.0","","","","21","","41",""
"-79.63","43.68","TORONTO INTL A","6158731","2022-11-27","2022","11","27","","6.2","","2.8","","4.5","","13.5","","0.0","","5.0","","0.0","","5.0","","","","34","","49",""
"-79.63","43.68","TORONTO INTL A","6158731","2022-11-28","2022","11","28","","4.1","","0.2","","2.2","","15.8","","0.0","","0.0","","0.0","","0.0","","","","33","","45",""
"-79.63","43.68","TORONTO INTL A","6158731","2022-11-29","2022","11","29","","6.7","","0.8","","3.8","","14.2","","0.0","","0.0","","0.0","","0.0","","","","12","","44",""
"-79.63","43.68","TORONTO INTL A","6158731","2022-11-30","2022","11","30","","9.4","","-2.5","","3.5","","14.5","","0.0","","12.2","","1.0","","13.0","","1","E","26","","76",""
"-79.63","43.68","TORONTO INTL A","6158731","2022-12-01","2022","12","01","","2.0","","-3.3","","-0.7","","18.7","","0.0","","0.0","T","0.0","","0.0","T","0","T","27","","53",""
"-79.63","43.68","TORONTO INTL A","6158731","2022-12-02","2022","12","02","","7.6","","-3.6","","2.0","","16.0","","0.0","","2.8","","0.0","","2.8","","","","19","","37",""
"-79.63","43.68","TORONTO INTL A","6158731","2022-12-03","2022","12","03","","10.2","","-0.2","","5.0","","13.0","","0.0","","8.2","","0.0","T","8.2","","0","T","29","","89",""
"-79.63","43.68","TORONTO INTL A","6158731","2022-12-04","2022","12","04","","2.2","","-4.6","","-1.2","","19.2","","0.0","","0.0","","0.0","","0.0","","0","T","23","","39",""
"-79.63","43.68","TORONTO INTL A","6158731","2022-12-05","2022","12","05","","5.6","","-0.6","","2.5","","15.5","","0.0","","0.0","","0.0","","0.0","","","","24","","40",""
"-79.63","43.68","TORONTO INTL A","6158731","2022-12-06","2022","12","06","","6.2","","4.6","","5.4","","12.6","","0.0","","0.6","","0.0","","0.6","","","","","M","","M"
"-79.63","43.68","TORONTO INTL A","6158731","2022-12-07","2022","12","07","","7.8","","2.7","","5.3","","12.7","","0.0","","0.2","","0.0","","0.2","","","","31","","36",""
"-79.63","43.68","TORONTO INTL A","6158731","2022-12-08","2022","12","08","","5.0","","-1.9","","1.6","","16.4","","0.0","","0.0","","0.0","","0.0","","","","36","","34",""
"-79.63","43.68","TORONTO INTL A","6158731","2022-12-09","2022","12","09","","0.7","","-3.4","","-1.4","","19.4","","0.0","","0.0","","0.0","","0.0","","","","5","","34",""
"-79.63","43.68","TORONTO INTL A","6158731","2022-12-10","2022","12","10","","-1.0","","-5.0","","-3.0","","21.0","","0.0","","0.0","","0.0","T","0.0","T","","","9","","40",""
"-79.63","43.68","TORONTO INTL A","6158731","2022-12-11","2022","12","11","","-0.8","","-3.8","","-2.3","","20.3","","0.0","","0.0","","5.2","","5.2","","1","","34","","32",""
"-79.63","43.68","TORONTO INTL A","6158731","2022-12-12","2022","12","12","","-1.8","","-7.6","","-4.7","","22.7","","0.0","","0.0","","0.0","","0.0","","4","","","M","","M"
"-79.63","43.68","TORONTO INTL A","6158731","2022-12-13","2022","12","13","","-0.5","","-9.1","","-4.8","","22.8","","0.0","","0.0","","0.0","","0.0","","3","","","M","","M"
"-79.63","43.68","TORONTO INTL A","6158731","2022-12-14","2022","12","14","","-1.0","","-7.5","","-4.3","","22.3","","0.0","","0.0","","0.0","","0.0","","2","","7","","34",""
"-79.63","43.68","TORONTO INTL A","6158731","2022-12-15","2022","12","15","","1.6","","-1.6","","0.0","","18.0","","0.0","","23.8","","5.0","","28.8","","1","","11","","61",""
"-79.63","43.68","TORONTO INTL A","6158731","2022-12-16","2022","12","16","","4.2","","-2.0","","1.1","","16.9","","0.0","","2.8","","0.4","","3.2","","2","","11","","39",""
"-79.63","43.68","TORONTO INTL A","6158731","2022-12-17","2022","12","17","","1.1","","-2.5","","-0.7","","18.7","","0.0","","0.0","","0.0","T","0.0","T","2","","24","","39",""
"-79.63","43.68","TORONTO INTL A","6158731","2022-12-18","2022","12","18","","0.2","","-2.8","","-1.3","","19.3","","0.0","","0.0","","1.2","","0.6","","1","","26","","56",""
"-79.63","43.68","TORONTO INTL A","6158731","2022-12-19","2022","12","19","","1.4","","-2.7","","-0.7","","18.7","","0.0","","0.0","","0.0","T","0.0","T","1","","27","","49",""
"-79.63","43.68","TORONTO INTL A","6158731","2022-12-20","2022","12","20","","0.6","","-2.7","","-1.1","","19.1","","0.0","","0.0","","0.0","T","0.0","T","0","T","","M","","M"
"-79.63","43.68","TORONTO INTL A","6158731","2022-12-21","2022","12","21","","-0.2","","-5.6","","-2.9","","20.9","","0.0","","0.0","","0.0","","0.0","","0","T","","M","","M"
"-79.63","43.68","TORONTO INTL A","6158731","2022-12-22","2022","12","22","","4.1","","-3.8","","0.2","","17.8","","0.0","","9.8","","0.0","","9.8","","0","T","10","","49",""
"-79.63","43.68","TORONTO INTL A","6158731","2022-12-23","2022","12","23","","3.8","","-13.6","","-4.9","","22.9","","0.0","","9.2","","2.0","","11.2","","1","E","25","","82",""
"-79.63","43.68","TORONTO INTL A","6158731","2022-12-24","2022","12","24","","-9.1","","-14.8","","-12.0","","30.0","","0.0","","0.0","","0.0","T","0.0","T","2","","24","","81",""
"-79.63","43.68","TORONTO INTL A","6158731","2022-12-25","2022","12","25","","-4.8","","-9.1","","-7.0","","25.0","","0.0","","0.0","","0.2","","0.2","","1","","24","","72",""
"-79.63","43.68","TORONTO INTL A","6158731","2022-12-26","2022","12","26","","-5.5","","-9.3","","-7.4","","25.4","","0.0","","0.0","","0.0","T","0.0","T","1","","23","","49",""
"-79.63","43.68","TORONTO INTL A","6158731","2022-12-27","2022","12","27","","-1.4","","-7.1","","-4.3","","22.3","","0.0","","0.0","","0.0","T","0.0","T","1","E","24","","36",""
"-79.63","43.68","TORONTO INTL A","6158731","2022-12-28","2022","12","28","","4.6","","-1.4","","1.6","","16.4","","0.0","","0.0","","0.0","","0.0","","1","","22","","38",""
"-79.63","43.68","TORONTO INTL A","6158731","2022-12-29","2022","12","29","","9.5","","2.0","","5.8","","12.2","","0.0","","0.0","","0.0","","0.0","","","","21","","46",""
"-79.63","43.68","TORONTO INTL A","6158731","2022-12-30","2022","12","30","","13.1","","8.2","","10.7","","7.3","","0.0","","5.8","","0.0","","5.8","","","","23","","42",""
"-79.63","43.68","TORONTO INTL A","6158731","2022-12-31","2022","12","31","","9.7","","2.7","","6.2","","11.8","","0.0","","18.6","","0.0","","18.6","","","","33","","41",""
